query,parameter,version,score
1,1,1,100.0
1,2,1,100.0
2,1,1,100.0
3,1,1,100.0
3,2,1,100.0
4,1,1,100.0
4,1,2,94.44444444444444
4,2,1,100.0
4,2,2,66.66666666666666
5,1,1,100.0
5,2,1,100.0
6,1,1,100.0
7,1,1,100.0
7,2,1,100.0
8,1,1,100.0
8,2,1,100.0
